{"name":"b0a14b43-bde4-494d-8cb5-33ca68090765","id":"/providers/Microsoft.Flow/flows/b0a14b43-bde4-494d-8cb5-33ca68090765","type":"Microsoft.Flow/flows","properties":{"apiId":"/providers/Microsoft.PowerApps/apis/shared_logicflows","displayName":"3. New: HTTP Post to Excel","definition":{"metadata":{"workflowEntityId":null,"processAdvisorMetadata":null,"flowclientsuspensionreason":"None","flowclientsuspensiontime":null,"creator":{"id":"3eb2da36-3605-4e3e-bf5e-e7c807d634c3","type":"User","tenantId":"c65f8795-ba3d-4351-8a07-0865e5d8f090"},"provisioningMethod":"FromDefinition","failureAlertSubscription":true,"clientLastModifiedTime":"2022-07-13T17:05:07.1816215Z"},"$schema":"https://schema.management.azure.com/providers/Microsoft.Logic/schemas/2016-06-01/workflowdefinition.json#","contentVersion":"1.0.0.0","parameters":{"$connections":{"defaultValue":{},"type":"Object"},"$authentication":{"defaultValue":{},"type":"SecureObject"}},"triggers":{"manual":{"metadata":{"operationMetadataId":"ee3e5f46-a227-4425-9571-362e8b512000"},"type":"Request","kind":"Http","inputs":{"method":"POST"}}},"actions":{"Parse_JSON_:_Into_array_of_key-value_pairs":{"runAfter":{"Compose_:_Parse_Body":["Succeeded"]},"metadata":{"operationMetadataId":"28f221a9-ad98-424f-b617-9126ac92e682"},"type":"ParseJson","inputs":{"content":"@outputs('Compose_:_Parse_Body')['$formdata']","schema":{"type":"array","items":{"type":"object","properties":{"key":{"type":"string"},"value":{"type":"string"}},"required":["key","value"]}}}},"Compose_:_Parse_Body":{"runAfter":{},"metadata":{"operationMetadataId":"e3a0082d-680e-4d93-87c9-daa805df796a"},"type":"Compose","inputs":"@triggerBody()"},"Initialize_variable_:_form_data_array":{"runAfter":{"Parse_JSON_:_Into_array_of_key-value_pairs":["Succeeded"]},"metadata":{"operationMetadataId":"76d789a3-0ef8-495b-b3d0-a540bd5fed4d"},"type":"InitializeVariable","inputs":{"variables":[{"name":"form_data_array","type":"array","value":"@body('Parse_JSON_:_Into_array_of_key-value_pairs')"}]}},"Initialize_variable_:_path":{"runAfter":{"Initialize_variable_:_form_data_array":["Succeeded"]},"metadata":{"operationMetadataId":"b7f945e3-39e4-44a1-9107-8513b7385f45"},"type":"InitializeVariable","inputs":{"variables":[{"name":"path","type":"string","value":"/Data/Results/@{variables('form_data_array')[2]['value']}/@{substring(variables('form_data_array')[0]['value'], 0, 3)}/@{if(equals(variables('form_data_array')[1]['value'],'1'), 'Mid', 'End')}/"}]}},"Initialize_variable_:_fileName":{"runAfter":{"Initialize_variable_:_path":["Succeeded"]},"metadata":{"operationMetadataId":"22ba604f-4c30-4923-b064-e9fae29c92b4"},"type":"InitializeVariable","inputs":{"variables":[{"name":"fileName","type":"string","value":"@{concat(variables('form_data_array')[0]['value'], '.xlsx')}"}]}},"Run_script_:_Automatic_Add_Row":{"runAfter":{"Initialize_variable_:_fileName":["Succeeded"]},"metadata":{"operationMetadataId":"5595af53-0aa7-4f60-9f4a-85641bcd6c45","tableId":null},"type":"OpenApiConnection","inputs":{"host":{"apiId":"/providers/Microsoft.PowerApps/apis/shared_excelonlinebusiness","connectionName":"shared_excelonlinebusiness","operationId":"RunScriptProd"},"parameters":{"source":"sites/ueanorwich.sharepoint.com,1c25cb50-1939-41cb-b203-e65685c4908c,ed8d8277-30f5-456f-bbe2-350b1f843200","drive":"b!UMslHDkZy0GyA-ZWhcSQjHeCje31MG9Fu-I1Cx-EMgAEsc1qkWsnS5w9i0jGxKHG","file":"@concat(variables('path'),variables('fileName'))","scriptId":"ms-officescript%3A%2F%2Fonedrive_business_itemlink%2F01LKZIORZL4K6CIXGQMVAYPQX72C5BM5BS","ScriptParameters/results":"@variables('form_data_array')"},"authentication":"@parameters('$authentication')"}},"Response":{"runAfter":{"Run_script_:_Automatic_Add_Row":["Succeeded"]},"metadata":{"operationMetadataId":"5c721f53-1863-49ad-bca2-42dc70896716"},"type":"Response","kind":"Http","inputs":{"statusCode":200,"headers":{"Content-Type":"text/html"},"body":"@outputs('Run_script_:_Automatic_Add_Row')?['body/result']"}}},"outputs":{}},"connectionReferences":{"shared_excelonlinebusiness":{"connectionName":"shared-excelonlinebu-8383d04d-67be-4203-b0c5-3d8b5d44b49b","source":"Embedded","id":"/providers/Microsoft.PowerApps/apis/shared_excelonlinebusiness","tier":"NotSpecified"}},"flowFailureAlertSubscribed":false,"isManaged":false}}