{"name":"aa4abfb4-445c-4eff-818f-656f4515b637","id":"/providers/Microsoft.Flow/flows/aa4abfb4-445c-4eff-818f-656f4515b637","type":"Microsoft.Flow/flows","properties":{"apiId":"/providers/Microsoft.PowerApps/apis/shared_logicflows","displayName":"4. New: Excel to Reports Test","definition":{"metadata":{"workflowEntityId":null,"processAdvisorMetadata":null,"flowclientsuspensionreason":"None","flowclientsuspensiontime":null,"creator":{"id":"3eb2da36-3605-4e3e-bf5e-e7c807d634c3","type":"User","tenantId":"c65f8795-ba3d-4351-8a07-0865e5d8f090"},"provisioningMethod":"FromDefinition","failureAlertSubscription":true,"clientLastModifiedTime":"2022-07-13T17:03:26.7118446Z"},"$schema":"https://schema.management.azure.com/providers/Microsoft.Logic/schemas/2016-06-01/workflowdefinition.json#","contentVersion":"1.0.0.0","parameters":{"$connections":{"defaultValue":{},"type":"Object"},"$authentication":{"defaultValue":{},"type":"SecureObject"}},"triggers":{"manual":{"metadata":{"operationMetadataId":"97e7014a-a264-4119-851b-60b93de18b15"},"type":"Request","kind":"Button","inputs":{"schema":{"type":"object","properties":{"text":{"title":"resultsPath","type":"string","x-ms-dynamically-added":true,"description":"Enter folder path (E.g. '2021-2022/CMP/Mid')","x-ms-content-hint":"TEXT"}},"required":["text"]}}}},"actions":{"Initialize_variable_:_path":{"runAfter":{},"metadata":{"operationMetadataId":"3d4203c1-4710-4c0f-94fd-b6869b990634"},"type":"InitializeVariable","inputs":{"variables":[{"name":"path","type":"string","value":"@triggerBody()['text']"}]}},"Apply_to_each_2":{"foreach":"@outputs('Get_files_(properties_only)')?['body/value']","actions":{"Get_file_content_using_path":{"runAfter":{"Get_a_row":["Succeeded"]},"metadata":{"operationMetadataId":"10b6503d-1072-46e0-9b47-9efc13c20e32"},"type":"OpenApiConnection","inputs":{"host":{"apiId":"/providers/Microsoft.PowerApps/apis/shared_sharepointonline","connectionName":"shared_sharepointonline","operationId":"GetFileContentByPath"},"parameters":{"dataset":"https://ueanorwich.sharepoint.com/sites/CMP-AutomatingModuleFeedbackInternshipProject","path":"@items('Apply_to_each_2')?['{FullPath}']","inferContentType":true},"authentication":{"value":"@json(decodeBase64(triggerOutputs().headers['X-MS-APIM-Tokens']))['$ConnectionKey']","type":"Raw"}}},"Run_script_:_Automatic_Report_Generation_2":{"runAfter":{},"metadata":{"operationMetadataId":"86e16ad5-ce86-40f4-859a-ab894a688aef","tableId":null},"type":"OpenApiConnection","inputs":{"host":{"apiId":"/providers/Microsoft.PowerApps/apis/shared_excelonlinebusiness","connectionName":"shared_excelonlinebusiness","operationId":"RunScriptProd"},"parameters":{"source":"sites/ueanorwich.sharepoint.com,1c25cb50-1939-41cb-b203-e65685c4908c,ed8d8277-30f5-456f-bbe2-350b1f843200","drive":"b!UMslHDkZy0GyA-ZWhcSQjHeCje31MG9Fu-I1Cx-EMgAEsc1qkWsnS5w9i0jGxKHG","file":"@items('Apply_to_each_2')?['{FullPath}']","scriptId":"ms-officescript%3A%2F%2Fonedrive_business_itemlink%2F01LKZIOR3ZONQ72D5OBBBY7SU7LSA2UORN"},"authentication":{"value":"@json(decodeBase64(triggerOutputs().headers['X-MS-APIM-Tokens']))['$ConnectionKey']","type":"Raw"}}},"Send_an_email_(V2)_:_Send_Report_To_Module_Organiser's_Email_2":{"runAfter":{"Get_file_content_using_path":["Succeeded"]},"metadata":{"operationMetadataId":"d1f7da87-4ef7-48fb-abfc-7771ff631287"},"type":"OpenApiConnection","inputs":{"host":{"apiId":"/providers/Microsoft.PowerApps/apis/shared_office365","connectionName":"shared_office365","operationId":"SendEmailV2"},"parameters":{"emailMessage/To":"@outputs('Get_a_row')?['body/ModuleOrganiserEmail']","emailMessage/Subject":"@{items('Apply_to_each_2')?['{Name}']} Module Evaluation Feedback ","emailMessage/Body":"<p>Attached is an excel document containing feedback infomation.</p>","emailMessage/Attachments":[{"Name":"@items('Apply_to_each_2')?['{FilenameWithExtension}']","ContentBytes":"@body('Get_file_content_using_path')"}],"emailMessage/Importance":"Normal"},"authentication":{"value":"@json(decodeBase64(triggerOutputs().headers['X-MS-APIM-Tokens']))['$ConnectionKey']","type":"Raw"}}},"Set_variable":{"runAfter":{"Run_script_:_Automatic_Report_Generation_2":["Succeeded"]},"metadata":{"operationMetadataId":"a0d64aab-f2d6-4c67-b048-111548a9a72b"},"type":"SetVariable","inputs":{"name":"test","value":"@items('Apply_to_each_2')?['{Name}']"}},"Get_a_row":{"runAfter":{"Set_variable":["Succeeded"]},"metadata":{"01LKZIORYGSDLEQWGHNRCYNGMD2CER23XC":"/CMP Module Internship/Code/Module Metadata.xlsx","operationMetadataId":"e30f5bcd-3b9b-4889-9878-6bc88cdd9f8c","tableId":"Table1"},"type":"OpenApiConnection","inputs":{"host":{"apiId":"/providers/Microsoft.PowerApps/apis/shared_excelonlinebusiness","connectionName":"shared_excelonlinebusiness","operationId":"GetItem"},"parameters":{"source":"sites/ueanorwich.sharepoint.com,1c25cb50-1939-41cb-b203-e65685c4908c,ed8d8277-30f5-456f-bbe2-350b1f843200","drive":"b!UMslHDkZy0GyA-ZWhcSQjHeCje31MG9Fu-I1Cx-EMgAEsc1qkWsnS5w9i0jGxKHG","file":"/Data/Input/@{substring(triggerBody()['text'], 0, 9)}/@{substring(triggerBody()['text'], 10, 3)}/(@{substring(triggerBody()['text'], 10, 3)}) Survey Specification.xlsx","table":"Table1","idColumn":"ModuleId","id":"@items('Apply_to_each_2')?['{Name}']"},"authentication":{"value":"@json(decodeBase64(triggerOutputs().headers['X-MS-APIM-Tokens']))['$ConnectionKey']","type":"Raw"}}}},"runAfter":{"Initialize_variable":["Succeeded"]},"metadata":{"operationMetadataId":"fea864f7-c215-4623-8497-5d956ed18696"},"type":"Foreach"},"Get_files_(properties_only)":{"runAfter":{"Initialize_variable_:_path":["Succeeded"]},"metadata":{"operationMetadataId":"ce2dceff-c820-4082-9198-0259a82401f9"},"type":"OpenApiConnection","inputs":{"host":{"apiId":"/providers/Microsoft.PowerApps/apis/shared_sharepointonline","connectionName":"shared_sharepointonline","operationId":"GetFileItems"},"parameters":{"dataset":"https://ueanorwich.sharepoint.com/sites/CMP-AutomatingModuleFeedbackInternshipProject","table":"6acdb104-6b91-4b27-9c3d-8b48c6c4a1c6","folderPath":"@concat('/shared Documents/Data/Results/', triggerBody()['text'])","viewScopeOption":"Default"},"authentication":{"value":"@json(decodeBase64(triggerOutputs().headers['X-MS-APIM-Tokens']))['$ConnectionKey']","type":"Raw"}}},"Initialize_variable":{"runAfter":{"Get_files_(properties_only)":["Succeeded"]},"metadata":{"operationMetadataId":"507c7631-6907-45f3-8050-d2a5681b068f"},"type":"InitializeVariable","inputs":{"variables":[{"name":"test","type":"string","value":"@{substring(triggerBody()['text'], 10, 3)}"}]}}}},"connectionReferences":{"shared_sharepointonline":{"connectionName":"shared-sharepointonl-7ced4163-6eee-40e9-8159-1d8e3693726c","source":"Invoker","id":"/providers/Microsoft.PowerApps/apis/shared_sharepointonline","tier":"NotSpecified"},"shared_excelonlinebusiness":{"connectionName":"shared-excelonlinebu-8383d04d-67be-4203-b0c5-3d8b5d44b49b","source":"Invoker","id":"/providers/Microsoft.PowerApps/apis/shared_excelonlinebusiness","tier":"NotSpecified"},"shared_office365":{"connectionName":"shared-office365-39e6f1f8-9803-450d-a49e-e76673693376","source":"Invoker","id":"/providers/Microsoft.PowerApps/apis/shared_office365","tier":"NotSpecified"}},"flowFailureAlertSubscribed":false,"isManaged":false}}