{"name":"aa4abfb4-445c-4eff-818f-656f4515b637","id":"/providers/Microsoft.Flow/flows/aa4abfb4-445c-4eff-818f-656f4515b637","type":"Microsoft.Flow/flows","properties":{"apiId":"/providers/Microsoft.PowerApps/apis/shared_logicflows","displayName":"4. New: Excel to Reports Test","definition":{"metadata":{"workflowEntityId":null,"processAdvisorMetadata":null,"flowclientsuspensionreason":"None","flowclientsuspensiontime":null,"creator":{"id":"3eb2da36-3605-4e3e-bf5e-e7c807d634c3","type":"User","tenantId":"c65f8795-ba3d-4351-8a07-0865e5d8f090"},"provisioningMethod":"FromDefinition","failureAlertSubscription":true,"clientLastModifiedTime":"2022-07-08T15:05:33.5863415Z"},"$schema":"https://schema.management.azure.com/providers/Microsoft.Logic/schemas/2016-06-01/workflowdefinition.json#","contentVersion":"1.0.0.0","parameters":{"$connections":{"defaultValue":{},"type":"Object"},"$authentication":{"defaultValue":{},"type":"SecureObject"}},"triggers":{"manual":{"metadata":{"operationMetadataId":"97e7014a-a264-4119-851b-60b93de18b15"},"type":"Request","kind":"Button","inputs":{"schema":{"type":"object","properties":{"text":{"title":"resultsPath","type":"string","x-ms-dynamically-added":true,"description":"Enter a folder path for results to begin creating reports","x-ms-content-hint":"TEXT"}},"required":["text"]}}}},"actions":{"Find_files_in_folder":{"runAfter":{"Get_file_metadata_using_path":["Succeeded"]},"metadata":{"b!q2WMG7IiTUytgeO2ry5_NlvH2ioQnstKv3iJSR04qEEwdpPiQu62RYZuAZiLTbtf.01LKZIORYNWUFJR7ARZRBZZ57WYJ6X6PPF":"/CMP Module Internship/Code/CMP/Mid Module","operationMetadataId":"de703055-c755-4f04-8136-b46fe70bf831"},"type":"OpenApiConnection","inputs":{"host":{"apiId":"/providers/Microsoft.PowerApps/apis/shared_onedriveforbusiness","connectionName":"shared_onedriveforbusiness","operationId":"FindFiles"},"parameters":{"query":".xlsx","id":"@outputs('Get_file_metadata_using_path')?['body/Id']","findMode":"OneDriveSearch","maxFileCount":10},"authentication":{"value":"@json(decodeBase64(triggerOutputs().headers['X-MS-APIM-Tokens']))['$ConnectionKey']","type":"Raw"}}},"Apply_to_each":{"foreach":"@body('Find_files_in_folder')","actions":{"Run_script":{"runAfter":{},"metadata":{"operationMetadataId":"86e16ad5-ce86-40f4-859a-ab894a688aef","tableId":null},"type":"OpenApiConnection","inputs":{"host":{"apiId":"/providers/Microsoft.PowerApps/apis/shared_excelonlinebusiness","connectionName":"shared_excelonlinebusiness","operationId":"RunScriptProd"},"parameters":{"source":"me","drive":"b!q2WMG7IiTUytgeO2ry5_NlvH2ioQnstKv3iJSR04qEEwdpPiQu62RYZuAZiLTbtf","file":" @{concat(variables('Path'), item()?['Name'])}","scriptId":"ms-officescript%3A%2F%2Fonedrive_business_itemlink%2F01LKZIOR3ZONQ72D5OBBBY7SU7LSA2UORN"},"authentication":{"value":"@json(decodeBase64(triggerOutputs().headers['X-MS-APIM-Tokens']))['$ConnectionKey']","type":"Raw"}}},"Get_a_row":{"runAfter":{"Run_script":["Succeeded"]},"metadata":{"01LKZIORYGSDLEQWGHNRCYNGMD2CER23XC":"/CMP Module Internship/Code/Module Metadata.xlsx","operationMetadataId":"e30f5bcd-3b9b-4889-9878-6bc88cdd9f8c","tableId":"Table1"},"type":"OpenApiConnection","inputs":{"host":{"apiId":"/providers/Microsoft.PowerApps/apis/shared_excelonlinebusiness","connectionName":"shared_excelonlinebusiness","operationId":"GetItem"},"parameters":{"source":"me","drive":"b!q2WMG7IiTUytgeO2ry5_NlvH2ioQnstKv3iJSR04qEEwdpPiQu62RYZuAZiLTbtf","file":"/CMP Module Internship/Code/School/@{substring(item()?['NameNoExt'], 0, 3)}/(@{substring(item()?['NameNoExt'], 0, 3)}) Survey Specification.xlsx","table":"Table1","idColumn":"ModuleId","id":"@items('Apply_to_each')?['NameNoExt']"},"authentication":{"value":"@json(decodeBase64(triggerOutputs().headers['X-MS-APIM-Tokens']))['$ConnectionKey']","type":"Raw"}}},"Send_an_email_(V2)":{"runAfter":{"Get_file_content":["Succeeded"]},"metadata":{"operationMetadataId":"d1f7da87-4ef7-48fb-abfc-7771ff631287"},"type":"OpenApiConnection","inputs":{"host":{"apiId":"/providers/Microsoft.PowerApps/apis/shared_office365","connectionName":"shared_office365","operationId":"SendEmailV2"},"parameters":{"emailMessage/To":"@outputs('Get_a_row')?['body/ModuleOrganiserEmail']","emailMessage/Subject":"@{item()?['NameNoExt']}Module Evaluation Feedback","emailMessage/Body":"<p>Attached is an excel document containing feedback infomation.</p>","emailMessage/Attachments":[{"Name":"@item()?['Name']","ContentBytes":"@body('Get_file_content')"}],"emailMessage/Importance":"Normal"},"authentication":{"value":"@json(decodeBase64(triggerOutputs().headers['X-MS-APIM-Tokens']))['$ConnectionKey']","type":"Raw"}}},"Get_file_content":{"runAfter":{"Get_a_row":["Succeeded"]},"metadata":{"operationMetadataId":"585cab8d-9a29-4a0f-a4e0-3bb5938e538f"},"type":"OpenApiConnection","inputs":{"host":{"apiId":"/providers/Microsoft.PowerApps/apis/shared_onedriveforbusiness","connectionName":"shared_onedriveforbusiness","operationId":"GetFileContent"},"parameters":{"id":"@item()?['Id']","inferContentType":true},"authentication":{"value":"@json(decodeBase64(triggerOutputs().headers['X-MS-APIM-Tokens']))['$ConnectionKey']","type":"Raw"}}}},"runAfter":{"Find_files_in_folder":["Succeeded"]},"metadata":{"operationMetadataId":"a575f6ad-240b-457e-b825-7305f859f22f"},"type":"Foreach"},"Initialize_variable":{"runAfter":{},"metadata":{"operationMetadataId":"3d4203c1-4710-4c0f-94fd-b6869b990634"},"type":"InitializeVariable","inputs":{"variables":[{"name":"path","type":"string","value":"@triggerBody()['text']"}]}},"Get_file_metadata_using_path":{"runAfter":{"Initialize_variable":["Succeeded"]},"metadata":{"operationMetadataId":"ef5543e4-8416-4d3b-ba3c-cd85ab58993c"},"type":"OpenApiConnection","inputs":{"host":{"apiId":"/providers/Microsoft.PowerApps/apis/shared_onedriveforbusiness","connectionName":"shared_onedriveforbusiness","operationId":"GetFileMetadataByPath"},"parameters":{"path":"@variables('path')"},"authentication":{"value":"@json(decodeBase64(triggerOutputs().headers['X-MS-APIM-Tokens']))['$ConnectionKey']","type":"Raw"}}}}},"connectionReferences":{"shared_onedriveforbusiness":{"connectionName":"shared-onedriveforbu-4573bae6-4103-4052-b729-2fc57fc938a7","source":"Invoker","id":"/providers/Microsoft.PowerApps/apis/shared_onedriveforbusiness","tier":"NotSpecified"},"shared_excelonlinebusiness":{"connectionName":"shared-excelonlinebu-8383d04d-67be-4203-b0c5-3d8b5d44b49b","source":"Invoker","id":"/providers/Microsoft.PowerApps/apis/shared_excelonlinebusiness","tier":"NotSpecified"},"shared_office365":{"connectionName":"shared-office365-39e6f1f8-9803-450d-a49e-e76673693376","source":"Invoker","id":"/providers/Microsoft.PowerApps/apis/shared_office365","tier":"NotSpecified"}},"flowFailureAlertSubscribed":false,"isManaged":false}}