{"name":"1fb79361-0ddb-4752-8a4a-87ba04e50961","id":"/providers/Microsoft.Flow/flows/1fb79361-0ddb-4752-8a4a-87ba04e50961","type":"Microsoft.Flow/flows","properties":{"apiId":"/providers/Microsoft.PowerApps/apis/shared_logicflows","displayName":"0. Validate and Preview Survey","definition":{"metadata":{"workflowEntityId":null,"processAdvisorMetadata":null,"flowclientsuspensionreason":"None","flowclientsuspensiontime":null,"flowclientsuspensionreasondetails":null,"creator":{"id":"3eb2da36-3605-4e3e-bf5e-e7c807d634c3","type":"User","tenantId":"c65f8795-ba3d-4351-8a07-0865e5d8f090"},"provisioningMethod":"FromDefinition","failureAlertSubscription":true,"clientLastModifiedTime":"2022-07-19T12:49:21.3745288Z"},"$schema":"https://schema.management.azure.com/providers/Microsoft.Logic/schemas/2016-06-01/workflowdefinition.json#","contentVersion":"1.0.0.0","parameters":{"$connections":{"defaultValue":{},"type":"Object"},"$authentication":{"defaultValue":{},"type":"SecureObject"}},"triggers":{"manual":{"metadata":{"operationMetadataId":"826e6f9b-b863-43d6-8610-dddfafb2662d"},"type":"Request","kind":"Button","inputs":{"schema":{"type":"object","properties":{"text_1":{"title":"previewModuleId","type":"string","x-ms-dynamically-added":true,"description":"If previewing, enter the module id.","x-ms-content-hint":"TEXT"},"text":{"title":"previewAcademicYear","type":"string","x-ms-dynamically-added":true,"description":"Please enter the Year (YYYY-YYYY)","x-ms-content-hint":"TEXT"}},"required":["text_1","text"]}}}},"actions":{"Run_script_:_Validate_Student_Emails":{"runAfter":{},"metadata":{"01LKZIOR5CVRDQSF2FIFEZOAFIUSNHFQ3O":"/CMP Module Internship/Code/Student Emails.xlsx","operationMetadataId":"77a8319e-a672-42d7-881d-2dac4beefdb2","tableId":null},"type":"OpenApiConnection","inputs":{"host":{"apiId":"/providers/Microsoft.PowerApps/apis/shared_excelonlinebusiness","connectionName":"shared_excelonlinebusiness","operationId":"RunScriptProd"},"parameters":{"source":"sites/ueanorwich.sharepoint.com,1c25cb50-1939-41cb-b203-e65685c4908c,ed8d8277-30f5-456f-bbe2-350b1f843200","drive":"b!UMslHDkZy0GyA-ZWhcSQjHeCje31MG9Fu-I1Cx-EMgAEsc1qkWsnS5w9i0jGxKHG","file":"Data/Input/@{triggerBody()['text']}/Student Emails.xlsx","scriptId":"ms-officescript%3A%2F%2Fonedrive_business_itemlink%2F01LKZIOR4ATD6IENCZDVB2JMD6JPHERSAI"},"authentication":{"value":"@json(decodeBase64(triggerOutputs().headers['X-MS-APIM-Tokens']))['$ConnectionKey']","type":"Raw"}}},"Run_script_:_Validate_Survey_Specification_for_School":{"runAfter":{"Run_script_:_Validate_Student_Emails":["Succeeded"]},"metadata":{"operationMetadataId":"f7459f4a-aec2-4c77-bc6a-cc42ff307b24","tableId":null},"type":"OpenApiConnection","inputs":{"host":{"apiId":"/providers/Microsoft.PowerApps/apis/shared_excelonlinebusiness","connectionName":"shared_excelonlinebusiness","operationId":"RunScriptProd"},"parameters":{"source":"sites/ueanorwich.sharepoint.com,1c25cb50-1939-41cb-b203-e65685c4908c,ed8d8277-30f5-456f-bbe2-350b1f843200","drive":"b!UMslHDkZy0GyA-ZWhcSQjHeCje31MG9Fu-I1Cx-EMgAEsc1qkWsnS5w9i0jGxKHG","file":"Data/Input/@{triggerBody()['text']}/@{substring(triggerBody()['text_1'], 0, 3)}/(@{substring(triggerBody()['text_1'], 0, 3)}) Survey Specification.xlsx","scriptId":"ms-officescript%3A%2F%2Fonedrive_business_itemlink%2F01LKZIORYSK3QNCY3DTVA3XB5R3PFEXUK2"},"authentication":{"value":"@json(decodeBase64(triggerOutputs().headers['X-MS-APIM-Tokens']))['$ConnectionKey']","type":"Raw"}}},"Run_script_:_Generate_Survey_Preview_-_Mid_Module":{"runAfter":{"Run_script_:_Validate_Survey_Specification_for_School":["Succeeded"]},"metadata":{"operationMetadataId":"f7459f4a-aec2-4c77-bc6a-cc42ff307b24","tableId":null},"type":"OpenApiConnection","inputs":{"host":{"apiId":"/providers/Microsoft.PowerApps/apis/shared_excelonlinebusiness","connectionName":"shared_excelonlinebusiness","operationId":"RunScriptProd"},"parameters":{"source":"sites/ueanorwich.sharepoint.com,1c25cb50-1939-41cb-b203-e65685c4908c,ed8d8277-30f5-456f-bbe2-350b1f843200","drive":"b!UMslHDkZy0GyA-ZWhcSQjHeCje31MG9Fu-I1Cx-EMgAEsc1qkWsnS5w9i0jGxKHG","file":"Data/Input/@{triggerBody()['text']}/@{substring(triggerBody()['text_1'], 0, 3)}/(@{substring(triggerBody()['text_1'], 0, 3)}) Survey Specification.xlsx","scriptId":"ms-officescript%3A%2F%2Fonedrive_business_itemlink%2F01LKZIOR2FGQLPY4SZDFBZ7LB7BH5VGN7M","ScriptParameters/moduleId":"@triggerBody()['text_1']","ScriptParameters/surveyType":1,"ScriptParameters/academicYear":"@triggerBody()['text']"},"authentication":{"value":"@json(decodeBase64(triggerOutputs().headers['X-MS-APIM-Tokens']))['$ConnectionKey']","type":"Raw"}}},"Run_script_:_Generate_Survey_Preview_-_End_Module":{"runAfter":{"Create_file_:_Mid_Module_Survey_Preview.html":["Succeeded"]},"metadata":{"operationMetadataId":"f7459f4a-aec2-4c77-bc6a-cc42ff307b24","tableId":null},"type":"OpenApiConnection","inputs":{"host":{"apiId":"/providers/Microsoft.PowerApps/apis/shared_excelonlinebusiness","connectionName":"shared_excelonlinebusiness","operationId":"RunScriptProd"},"parameters":{"source":"sites/ueanorwich.sharepoint.com,1c25cb50-1939-41cb-b203-e65685c4908c,ed8d8277-30f5-456f-bbe2-350b1f843200","drive":"b!UMslHDkZy0GyA-ZWhcSQjHeCje31MG9Fu-I1Cx-EMgAEsc1qkWsnS5w9i0jGxKHG","file":"Data/Input/@{triggerBody()['text']}/@{substring(triggerBody()['text_1'], 0, 3)}/(@{substring(triggerBody()['text_1'], 0, 3)}) Survey Specification.xlsx","scriptId":"ms-officescript%3A%2F%2Fonedrive_business_itemlink%2F01LKZIOR2FGQLPY4SZDFBZ7LB7BH5VGN7M","ScriptParameters/moduleId":"@triggerBody()['text_1']","ScriptParameters/surveyType":2,"ScriptParameters/academicYear":"@triggerBody()['text']"},"authentication":{"value":"@json(decodeBase64(triggerOutputs().headers['X-MS-APIM-Tokens']))['$ConnectionKey']","type":"Raw"}}},"Create_file_:_Mid_Module_Survey_Preview.html":{"runAfter":{"Run_script_:_Generate_Survey_Preview_-_Mid_Module":["Succeeded"]},"metadata":{"operationMetadataId":"de770421-5ab3-42e1-a921-6d24d982bb55"},"type":"OpenApiConnection","inputs":{"host":{"apiId":"/providers/Microsoft.PowerApps/apis/shared_sharepointonline","connectionName":"shared_sharepointonline","operationId":"CreateFile"},"parameters":{"dataset":"https://ueanorwich.sharepoint.com/sites/CMP-AutomatingModuleFeedbackInternshipProject","folderPath":"/Shared Documents/Data/Input/@{triggerBody()['text']}/@{substring(triggerBody()['text_1'], 0, 3)}/","name":"Mid Module Survey Preview.html","body":"@outputs('Run_script_:_Generate_Survey_Preview_-_Mid_Module')?['body/result'][0]"},"authentication":{"value":"@json(decodeBase64(triggerOutputs().headers['X-MS-APIM-Tokens']))['$ConnectionKey']","type":"Raw"}},"runtimeConfiguration":{"contentTransfer":{"transferMode":"Chunked"}}},"Create_file_:_End_Module_Survey_Preview.html":{"runAfter":{"Run_script_:_Generate_Survey_Preview_-_End_Module":["Succeeded"]},"metadata":{"operationMetadataId":"d90d8097-f63a-421f-8179-1d55beb5fcb2"},"type":"OpenApiConnection","inputs":{"host":{"apiId":"/providers/Microsoft.PowerApps/apis/shared_sharepointonline","connectionName":"shared_sharepointonline","operationId":"CreateFile"},"parameters":{"dataset":"https://ueanorwich.sharepoint.com/sites/CMP-AutomatingModuleFeedbackInternshipProject","folderPath":"/Shared Documents/Data/Input/@{triggerBody()['text']}/@{substring(triggerBody()['text_1'], 0, 3)}/","name":"End Module Survey Preview.html","body":"@outputs('Run_script_:_Generate_Survey_Preview_-_End_Module')?['body/result'][0]"},"authentication":{"value":"@json(decodeBase64(triggerOutputs().headers['X-MS-APIM-Tokens']))['$ConnectionKey']","type":"Raw"}},"runtimeConfiguration":{"contentTransfer":{"transferMode":"Chunked"}}}}},"connectionReferences":{"shared_excelonlinebusiness":{"connectionName":"shared-excelonlinebu-8383d04d-67be-4203-b0c5-3d8b5d44b49b","source":"Invoker","id":"/providers/Microsoft.PowerApps/apis/shared_excelonlinebusiness","tier":"NotSpecified"},"shared_sharepointonline":{"connectionName":"shared-sharepointonl-7ced4163-6eee-40e9-8159-1d8e3693726c","source":"Invoker","id":"/providers/Microsoft.PowerApps/apis/shared_sharepointonline","tier":"NotSpecified"}},"flowFailureAlertSubscribed":false,"isManaged":false}}