{"name":"2a157d90-8927-4f29-8b09-5826550176cb","id":"/providers/Microsoft.Flow/flows/2a157d90-8927-4f29-8b09-5826550176cb","type":"Microsoft.Flow/flows","properties":{"apiId":"/providers/Microsoft.PowerApps/apis/shared_logicflows","displayName":"1. New: Excel to Emails","definition":{"metadata":{"workflowEntityId":null,"processAdvisorMetadata":null,"flowclientsuspensionreason":"None","flowclientsuspensiontime":null,"creator":{"id":"3eb2da36-3605-4e3e-bf5e-e7c807d634c3","type":"User","tenantId":"c65f8795-ba3d-4351-8a07-0865e5d8f090"},"provisioningMethod":"FromDefinition","failureAlertSubscription":true,"clientLastModifiedTime":"2022-07-08T14:14:14.2417279Z"},"$schema":"https://schema.management.azure.com/providers/Microsoft.Logic/schemas/2016-06-01/workflowdefinition.json#","contentVersion":"1.0.0.0","parameters":{"$connections":{"defaultValue":{},"type":"Object"},"$authentication":{"defaultValue":{},"type":"SecureObject"}},"triggers":{"manual":{"metadata":{"operationMetadataId":"15c22b4f-7e9a-4e5f-899f-41c1a78c9ca7"},"type":"Request","kind":"Button","inputs":{"schema":{"type":"object","properties":{"text":{"title":"SurveyType","type":"string","x-ms-dynamically-added":true,"description":"Enter the Survey Type Id (Mid Modules = 1, End Module = 2):","x-ms-content-hint":"TEXT"}},"required":["text"]}}}},"actions":{"List_rows_present_in_a_table":{"runAfter":{},"metadata":{"01LKZIOR5CVRDQSF2FIFEZOAFIUSNHFQ3O":"/CMP Module Internship/Code/Student Emails.xlsx","operationMetadataId":"5d65ccd1-cb7f-4f0e-aa5f-6ea5f83a16b4","tableId":"{B5F7C3A5-B253-4D46-9AB3-43D11A36140A}"},"type":"OpenApiConnection","inputs":{"host":{"apiId":"/providers/Microsoft.PowerApps/apis/shared_excelonlinebusiness","connectionName":"shared_excelonlinebusiness","operationId":"GetItems"},"parameters":{"source":"me","drive":"b!q2WMG7IiTUytgeO2ry5_NlvH2ioQnstKv3iJSR04qEEwdpPiQu62RYZuAZiLTbtf","file":"01LKZIOR5CVRDQSF2FIFEZOAFIUSNHFQ3O","table":"{B5F7C3A5-B253-4D46-9AB3-43D11A36140A}"},"authentication":{"value":"@json(decodeBase64(triggerOutputs().headers['X-MS-APIM-Tokens']))['$ConnectionKey']","type":"Raw"}}},"Apply_to_each":{"foreach":"@outputs('List_rows_present_in_a_table')?['body/value']","actions":{"Get_a_row":{"runAfter":{},"metadata":{"01LKZIOR5CVRDQSF2FIFEZOAFIUSNHFQ3O":"/CMP Module Internship/Code/Student Emails.xlsx","operationMetadataId":"fc5ba161-35da-4145-b20f-c6da80bc1089","tableId":"{B5F7C3A5-B253-4D46-9AB3-43D11A36140A}"},"type":"OpenApiConnection","inputs":{"host":{"apiId":"/providers/Microsoft.PowerApps/apis/shared_excelonlinebusiness","connectionName":"shared_excelonlinebusiness","operationId":"GetItem"},"parameters":{"source":"me","drive":"b!q2WMG7IiTUytgeO2ry5_NlvH2ioQnstKv3iJSR04qEEwdpPiQu62RYZuAZiLTbtf","file":"01LKZIOR5CVRDQSF2FIFEZOAFIUSNHFQ3O","table":"{B5F7C3A5-B253-4D46-9AB3-43D11A36140A}","idColumn":"Module Id","id":"@items('Apply_to_each')?['Module Id']"},"authentication":{"value":"@json(decodeBase64(triggerOutputs().headers['X-MS-APIM-Tokens']))['$ConnectionKey']","type":"Raw"}}},"Send_an_email_notification_(V3)":{"runAfter":{"Get_a_row":["Succeeded"]},"metadata":{"operationMetadataId":"37d30832-6906-4765-9c7f-2ea8ca830101"},"type":"OpenApiConnection","inputs":{"host":{"apiId":"/providers/Microsoft.PowerApps/apis/shared_sendmail","connectionName":"shared_sendmail","operationId":"SendEmailV3"},"parameters":{"request/to":"@{outputs('Get_a_row')?['body/Student Email']};","request/subject":"FAKE 3: @{if(equals(triggerBody()['text'], 1), 'Mid', 'End of')} Semester Feedback : ‘@{items('Apply_to_each')?['Module Id']}' - Please respond by ...","request/text":"<p>Dear All,<br>\n<br>\nAs it is now the end of the semester, we invite you to complete feedback on the modules that you have just taken. It is important to the School to receive feedback on the things that have worked well and those that have not gone well so that we can use this information to make improvements next year. I hope you will be able to find a few minutes to complete these surveys.<br>\n<br>\nThe link to provide this feedback is: https://prod-141.westeurope.logic.azure.com/workflows/5c87340f7fb942eea2ec2f24b985f3ee/triggers/manual/paths/invoke/ModuleId/@{outputs('Get_a_row')?['body/Module Id']}/SurveyType/@{triggerBody()['text']}?api-version=2016-06-01&amp;sp=%2Ftriggers%2Fmanual%2Frun&amp;sv=1.0&amp;sig=fhi0VxneUQaoEw06yQVpLbHnth8V7Wa_1RJ26K-mrB8<br>\n<br>\nIf you have any questions or problems with the forms, please contact cmpmth.fps@uea.ac.uk.<br>\n<br>\nMany thanks,<br>\n<br>\nFake Name<br>\n</p>"},"authentication":{"value":"@json(decodeBase64(triggerOutputs().headers['X-MS-APIM-Tokens']))['$ConnectionKey']","type":"Raw"}}}},"runAfter":{"List_rows_present_in_a_table":["Succeeded"]},"metadata":{"operationMetadataId":"5b189a83-2ded-46c1-8c54-c67582a0ce1f"},"type":"Foreach"}}},"connectionReferences":{"shared_excelonlinebusiness":{"connectionName":"shared-excelonlinebu-8383d04d-67be-4203-b0c5-3d8b5d44b49b","source":"Invoker","id":"/providers/Microsoft.PowerApps/apis/shared_excelonlinebusiness","tier":"NotSpecified"},"shared_sendmail":{"connectionName":"shared-sendmail-7c76c362-2d14-4417-83d3-50e7cb09ac72","source":"Invoker","id":"/providers/Microsoft.PowerApps/apis/shared_sendmail","tier":"NotSpecified"}},"flowFailureAlertSubscribed":false,"isManaged":false}}