{"name":"2a157d90-8927-4f29-8b09-5826550176cb","id":"/providers/Microsoft.Flow/flows/2a157d90-8927-4f29-8b09-5826550176cb","type":"Microsoft.Flow/flows","properties":{"apiId":"/providers/Microsoft.PowerApps/apis/shared_logicflows","displayName":"1. New: Excel to Emails","definition":{"metadata":{"workflowEntityId":null,"processAdvisorMetadata":null,"flowclientsuspensionreason":"None","flowclientsuspensiontime":null,"flowclientsuspensionreasondetails":null,"creator":{"id":"3eb2da36-3605-4e3e-bf5e-e7c807d634c3","type":"User","tenantId":"c65f8795-ba3d-4351-8a07-0865e5d8f090"},"provisioningMethod":"FromDefinition","failureAlertSubscription":true,"clientLastModifiedTime":"2022-07-15T15:26:53.4013581Z"},"$schema":"https://schema.management.azure.com/providers/Microsoft.Logic/schemas/2016-06-01/workflowdefinition.json#","contentVersion":"1.0.0.0","parameters":{"$connections":{"defaultValue":{},"type":"Object"},"$authentication":{"defaultValue":{},"type":"SecureObject"}},"triggers":{"manual":{"metadata":{"operationMetadataId":"15c22b4f-7e9a-4e5f-899f-41c1a78c9ca7"},"type":"Request","kind":"Button","inputs":{"schema":{"type":"object","properties":{"text":{"title":"SurveyType","type":"string","x-ms-dynamically-added":true,"description":"Enter the Survey Type you want to email out.","x-ms-content-hint":"TEXT","enum":["Mid Semester","End of Semester"]},"text_1":{"title":"AcademicYear","type":"string","x-ms-dynamically-added":true,"description":"Please enter the year (YYYY-YYYY)","x-ms-content-hint":"TEXT"}},"required":["text","text_1"]}}}},"actions":{"List_rows_present_in_a_table_:_Get_Student_Emails":{"runAfter":{"Initialize_variable_2":["Succeeded"]},"metadata":{"01LKZIOR5CVRDQSF2FIFEZOAFIUSNHFQ3O":"/CMP Module Internship/Code/Student Emails.xlsx","operationMetadataId":"5d65ccd1-cb7f-4f0e-aa5f-6ea5f83a16b4","tableId":"Table1"},"type":"OpenApiConnection","inputs":{"host":{"apiId":"/providers/Microsoft.PowerApps/apis/shared_excelonlinebusiness","connectionName":"shared_excelonlinebusiness","operationId":"GetItems"},"parameters":{"source":"sites/ueanorwich.sharepoint.com,1c25cb50-1939-41cb-b203-e65685c4908c,ed8d8277-30f5-456f-bbe2-350b1f843200","drive":"b!UMslHDkZy0GyA-ZWhcSQjHeCje31MG9Fu-I1Cx-EMgAEsc1qkWsnS5w9i0jGxKHG","file":"/Data/Input/@{triggerBody()['text_1']}/Student Emails.xlsx","table":"Table1"},"authentication":{"value":"@json(decodeBase64(triggerOutputs().headers['X-MS-APIM-Tokens']))['$ConnectionKey']","type":"Raw"}}},"Apply_to_each_:_Foreach_Student_Email":{"foreach":"@outputs('List_rows_present_in_a_table_:_Get_Student_Emails')?['body/value']","actions":{"Get_a_row":{"runAfter":{},"metadata":{"01LKZIOR5CVRDQSF2FIFEZOAFIUSNHFQ3O":"/CMP Module Internship/Code/Student Emails.xlsx","operationMetadataId":"fc5ba161-35da-4145-b20f-c6da80bc1089","tableId":"Table1"},"type":"OpenApiConnection","inputs":{"host":{"apiId":"/providers/Microsoft.PowerApps/apis/shared_excelonlinebusiness","connectionName":"shared_excelonlinebusiness","operationId":"GetItem"},"parameters":{"source":"sites/ueanorwich.sharepoint.com,1c25cb50-1939-41cb-b203-e65685c4908c,ed8d8277-30f5-456f-bbe2-350b1f843200","drive":"b!UMslHDkZy0GyA-ZWhcSQjHeCje31MG9Fu-I1Cx-EMgAEsc1qkWsnS5w9i0jGxKHG","file":"/Data/Input/@{triggerBody()['text_1']}/Student Emails.xlsx","table":"Table1","idColumn":"ModuleId","id":"@items('Apply_to_each_:_Foreach_Student_Email')?['ModuleId']"},"authentication":{"value":"@json(decodeBase64(triggerOutputs().headers['X-MS-APIM-Tokens']))['$ConnectionKey']","type":"Raw"}}},"Set_variable":{"runAfter":{"Get_a_row":["Succeeded"]},"metadata":{"operationMetadataId":"e589f900-b663-4d5b-bc00-960e849bc9ee"},"type":"SetVariable","inputs":{"name":"url","value":"https://prod-141.westeurope.logic.azure.com/workflows/5c87340f7fb942eea2ec2f24b985f3ee/triggers/manual/paths/invoke/@{items('Apply_to_each_:_Foreach_Student_Email')?['ModuleId']}/@{variables('surveyTypeIndex')}/@{triggerBody()['text_1']}?api-version=2016-06-01&sp=%2Ftriggers%2Fmanual%2Frun&sv=1.0&sig=fhi0VxneUQaoEw06yQVpLbHnth8V7Wa_1RJ26K-mrB8"}},"Send_an_email_(V2)":{"runAfter":{"Set_variable":["Succeeded"]},"metadata":{"operationMetadataId":"571cf053-a08d-4e4d-baa5-18a2b86e4a97"},"type":"OpenApiConnection","inputs":{"host":{"apiId":"/providers/Microsoft.PowerApps/apis/shared_office365","connectionName":"shared_office365","operationId":"SendEmailV2"},"parameters":{"emailMessage/To":"@outputs('Get_a_row')?['body/StudentEmail']","emailMessage/Subject":"FAKE 3:  @{triggerBody()['text']} Feedback : ‘@{items('Apply_to_each_:_Foreach_Student_Email')?['ModuleId']}' - Please respond by ...","emailMessage/Body":"<p>Dear All,<br>\n<br>\nAs it is now the end of the semester, we invite you to complete feedback on the modules that you have just taken. It is important to the School to receive feedback on the things that have worked well and those that have not gone well so that we can use this information to make improvements next year. I hope you will be able to find a few minutes to complete these surveys.<br>\n<br>\nThe link to provide this feedback is: <a href=\"@{variables('url')}\">Click here</a><br>\n<br>\n<br>\nMany thanks,<br>\n<br>\nFake Name<br>\n</p>","emailMessage/Importance":"Normal"},"authentication":{"value":"@json(decodeBase64(triggerOutputs().headers['X-MS-APIM-Tokens']))['$ConnectionKey']","type":"Raw"}}}},"runAfter":{"Initialize_variable":["Succeeded"]},"metadata":{"operationMetadataId":"5b189a83-2ded-46c1-8c54-c67582a0ce1f"},"type":"Foreach"},"Initialize_variable":{"runAfter":{"List_rows_present_in_a_table_:_Get_Student_Emails":["Succeeded"]},"metadata":{"operationMetadataId":"dfb1ce4e-e6e8-4e5e-91c3-77f3b629491a"},"type":"InitializeVariable","inputs":{"variables":[{"name":"url","type":"string"}]}},"Initialize_variable_2":{"runAfter":{},"metadata":{"operationMetadataId":"d9b1cd8a-efba-4809-9d69-325feaf25402"},"type":"InitializeVariable","inputs":{"variables":[{"name":"surveyTypeIndex","type":"string","value":"@{if(equals(triggerBody()['text'], 'Mid Semester'), '1', '2')}"}]}}}},"connectionReferences":{"shared_excelonlinebusiness":{"connectionName":"shared-excelonlinebu-8383d04d-67be-4203-b0c5-3d8b5d44b49b","source":"Invoker","id":"/providers/Microsoft.PowerApps/apis/shared_excelonlinebusiness","tier":"NotSpecified"},"shared_office365":{"connectionName":"shared-office365-0c28ed10-ef26-4057-8412-8081f2e9b6b7","source":"Invoker","id":"/providers/Microsoft.PowerApps/apis/shared_office365","tier":"NotSpecified"}},"flowFailureAlertSubscribed":false,"isManaged":false}}